{
  "best_model_name": "Random Forest",
  "best_hyperparameters": {
    "n_estimators": "500",
    "min_samples_split": "2",
    "min_samples_leaf": "1",
    "max_depth": "30",
    "class_weight": "balanced"
  },
  "test_metrics": {
    "precision": 0.8163265306122449,
    "recall": 0.8163265306122449,
    "f1_score": 0.8163265306122449,
    "auprc": 0.8715942291040882,
    "auroc": 0.977827422823378,
    "cv_auprc": 0.9999986291186264
  },
  "all_models_comparison": [
    {
      "Model": "Random Forest",
      "Precision": 0.8163265306122449,
      "Recall": 0.8163265306122449,
      "F1-Score": 0.8163265306122449,
      "AUPRC": 0.8715942291040882,
      "AUROC": 0.977827422823378,
      "CV_AUPRC": 0.9999986291186264
    },
    {
      "Model": "XGBoost",
      "Precision": 0.6829268292682927,
      "Recall": 0.8571428571428571,
      "F1-Score": 0.7601809954751131,
      "AUPRC": 0.8675567062061404,
      "AUROC": 0.9799785453010692,
      "CV_AUPRC": 0.9999935540997105
    },
    {
      "Model": "Logistic Regression",
      "Precision": 0.058027079303675046,
      "Recall": 0.9183673469387755,
      "F1-Score": 0.1091570648878108,
      "AUPRC": 0.7253076197780508,
      "AUROC": 0.9699151502187819,
      "CV_AUPRC": 0.9924327796378576
    },
    {
      "Model": "LightGBM",
      "Precision": 0.04600104547830632,
      "Recall": 0.8979591836734694,
      "F1-Score": 0.08751864743908504,
      "AUPRC": 0.043975300922380736,
      "AUROC": 0.93648379089959,
      "CV_AUPRC": 0.999995114811771
    }
  ],
  "training_details": {
    "train_samples": 227845,
    "test_samples": 56962,
    "smote_train_samples": 454902,
    "features_used": [
      "V1",
      "V2",
      "V3",
      "V4",
      "V5",
      "V6",
      "V7",
      "V8",
      "V9",
      "V10",
      "V11",
      "V12",
      "V13",
      "V14",
      "V15",
      "V16",
      "V17",
      "V18",
      "V19",
      "V20",
      "V21",
      "V22",
      "V23",
      "V24",
      "V25",
      "V26",
      "V27",
      "V28",
      "Amount_scaled",
      "Time_scaled"
    ],
    "n_features": 30,
    "class_imbalance_handling": "SMOTE",
    "cv_strategy": "StratifiedKFold (5 folds)",
    "scoring_metric": "average_precision (AUPRC)"
  }
}